{
  "271|BL|east": [
    257,
    1749518633.5165832
  ],
  "479|BL|east": [
    61,
    1749518633.5165832
  ],
  "491|BL|east": [
    164,
    1749518633.5165832
  ],
  "207|BL|west": [
    170,
    1749518633.5165832
  ],
  "462|BL|west": [
    54,
    1749518633.5165832
  ],
  "307|GR|east": [
    139,
    1749518444.3673327
  ],
  "312|GR|east": [
    129,
    1749518633.5165832
  ],
  "323|GR|east": [
    102,
    1749518633.5165832
  ],
  "325|GR|east": [
    53,
    1749518633.5165832
  ],
  "332|GR|east": [
    281,
    1749518633.5165832
  ],
  "343|GR|east": [
    245,
    1749518633.5165832
  ],
  "319|GR|west": [
    151,
    1749518633.5165832
  ],
  "326|GR|west": [
    222,
    1749518633.5165832
  ],
  "333|GR|west": [
    11,
    1749518633.5165832
  ],
  "344|GR|west": [
    68,
    1749518633.5165832
  ],
  "347|GR|west": [
    110,
    1749518633.5165832
  ],
  "243|OR|east": [
    366,
    1749518633.5165832
  ],
  "253|OR|east": [
    314,
    1749518633.5165832
  ],
  "267|OR|east": [
    241,
    1749518633.5165832
  ],
  "279|OR|east": [
    168,
    1749518633.5165832
  ],
  "117|OR|west": [
    360,
    1749518633.5165832
  ],
  "202|OR|west": [
    0,
    1749518633.5165832
  ],
  "311|OR|west": [
    98,
    1749518633.5165832
  ],
  "324|OR|west": [
    198,
    1749518633.5165832
  ],
  "001|RD|west": [
    136,
    1749518633.5165832
  ],
  "080|RD|west": [
    0,
    1749518444.3673327
  ],
  "091|RD|west": [
    24,
    1749518633.5165832
  ],
  "102|RD|west": [
    51,
    1749518633.5165832
  ],
  "107|RD|west": [
    69,
    1749518633.5165832
  ],
  "111|RD|west": [
    345,
    1749518633.5165832
  ],
  "124|RD|west": [
    169,
    1749518633.5165832
  ],
  "134|RD|west": [
    197,
    1749518633.5165832
  ],
  "138|RD|west": [
    244,
    1749518633.5165832
  ],
  "145|RD|west": [
    285,
    1749518633.5165832
  ],
  "287|RD|west": [
    106,
    1749518633.5165832
  ],
  "488|RD|west": [
    18,
    1749518444.3673327
  ],
  "072|RD|east": [
    74,
    1749518633.5165832
  ],
  "157|RD|east": [
    388,
    1749518633.5165832
  ],
  "166|RD|east": [
    382,
    1749518633.5165832
  ],
  "170|RD|east": [
    341,
    1749518633.5165832
  ],
  "176|RD|east": [
    263,
    1749518633.5165832
  ],
  "186|RD|east": [
    223,
    1749518633.5165832
  ],
  "190|RD|east": [
    184,
    1749518633.5165832
  ],
  "266|RD|east": [
    32,
    1749518633.5165832
  ],
  "335|RD|east": [
    309,
    1749518633.5165832
  ],
  "337|RD|east": [
    92,
    1749518633.5165832
  ],
  "449|RD|east": [
    148,
    1749518633.5165832
  ],
  "460|RD|east": [
    120,
    1749518633.5165832
  ],
  "050|SV|east": [
    380,
    1749518633.5165832
  ],
  "153|SV|east": [
    141,
    1749518633.5165832
  ],
  "216|SV|east": [
    463,
    1749518633.5165832
  ],
  "235|SV|east": [
    196,
    1749518633.5165832
  ],
  "257|SV|east": [
    549,
    1749518633.5165832
  ],
  "349|SV|east": [
    282,
    1749518633.5165832
  ],
  "088|SV|west": [
    5,
    1749518633.5165832
  ],
  "105|SV|west": [
    45,
    1749518633.5165832
  ],
  "141|SV|west": [
    260,
    1749518633.5165832
  ],
  "288|SV|west": [
    144,
    1749518633.5165832
  ],
  "317|SV|west": [
    329,
    1749518633.5165832
  ],
  "327|SV|west": [
    438,
    1749518633.5165832
  ],
  "098|YL|west": [
    134,
    1749518633.5165832
  ],
  "130|YL|west": [
    26,
    1749518633.5165832
  ],
  "135|YL|west": [
    1,
    1749518633.5165832
  ],
  "003|YL|east": [
    143,
    1749518633.5165832
  ],
  "097|YL|east": [
    78,
    1749518633.5165832
  ],
  "120|YL|east": [
    10,
    1749518633.5165832
  ],
  "123|YL|west": [
    51,
    1749518633.5165832
  ],
  "168|YL|east": [
    168,
    1749518633.5165832
  ],
  "056|BL|west": [
    277,
    1749518633.5165832
  ],
  "348|GR|east": [
    150,
    1749518633.5165832
  ],
  "179|OR|east": [
    1,
    1749518633.5165832
  ],
  "154|RD|west": [
    377,
    1749518633.5165832
  ],
  "259|SV|east": [
    6,
    1749518633.5165832
  ]
}