{
  "271|BL|east": [
    257,
    1749518633.5165832
  ],
  "479|BL|east": [
    174,
    1749519595.4979582
  ],
  "491|BL|east": [
    257,
    1749519595.4979582
  ],
  "207|BL|west": [
    52,
    1749519595.4979582
  ],
  "462|BL|west": [
    0,
    1749519595.4979582
  ],
  "307|GR|east": [
    139,
    1749518444.3673327
  ],
  "312|GR|east": [
    129,
    1749518633.5165832
  ],
  "323|GR|east": [
    139,
    1749519595.4979582
  ],
  "325|GR|east": [
    108,
    1749519595.4979582
  ],
  "332|GR|east": [
    281,
    1749518633.5165832
  ],
  "343|GR|east": [
    245,
    1749518633.5165832
  ],
  "319|GR|west": [
    151,
    1749518633.5165832
  ],
  "326|GR|west": [
    145,
    1749519595.4979582
  ],
  "333|GR|west": [
    11,
    1749518633.5165832
  ],
  "344|GR|west": [
    68,
    1749518633.5165832
  ],
  "347|GR|west": [
    25,
    1749519595.4979582
  ],
  "243|OR|east": [
    366,
    1749518633.5165832
  ],
  "253|OR|east": [
    314,
    1749518633.5165832
  ],
  "267|OR|east": [
    314,
    1749519595.4979582
  ],
  "279|OR|east": [
    255,
    1749519595.4979582
  ],
  "117|OR|west": [
    267,
    1749519595.4979582
  ],
  "202|OR|west": [
    0,
    1749519595.4979582
  ],
  "311|OR|west": [
    10,
    1749519595.4979582
  ],
  "324|OR|west": [
    105,
    1749519595.4979582
  ],
  "001|RD|west": [
    47,
    1749519595.4979582
  ],
  "080|RD|west": [
    0,
    1749518444.3673327
  ],
  "091|RD|west": [
    24,
    1749518633.5165832
  ],
  "102|RD|west": [
    51,
    1749518633.5165832
  ],
  "107|RD|west": [
    8,
    1749519595.4979582
  ],
  "111|RD|west": [
    238,
    1749519595.4979582
  ],
  "124|RD|west": [
    77,
    1749519595.4979582
  ],
  "134|RD|west": [
    117,
    1749519595.4979582
  ],
  "138|RD|west": [
    154,
    1749519595.4979582
  ],
  "145|RD|west": [
    191,
    1749519595.4979582
  ],
  "287|RD|west": [
    15,
    1749519595.4979582
  ],
  "488|RD|west": [
    18,
    1749518444.3673327
  ],
  "072|RD|east": [
    158,
    1749519595.4979582
  ],
  "157|RD|east": [
    388,
    1749518633.5165832
  ],
  "166|RD|east": [
    382,
    1749518633.5165832
  ],
  "170|RD|east": [
    341,
    1749518633.5165832
  ],
  "176|RD|east": [
    365,
    1749519595.4979582
  ],
  "186|RD|east": [
    340,
    1749519595.4979582
  ],
  "190|RD|east": [
    288,
    1749519595.4979582
  ],
  "266|RD|east": [
    124,
    1749519595.4979582
  ],
  "335|RD|east": [
    388,
    1749519595.4979582
  ],
  "337|RD|east": [
    173,
    1749519595.4979582
  ],
  "449|RD|east": [
    240,
    1749519595.4979582
  ],
  "460|RD|east": [
    213,
    1749519595.4979582
  ],
  "050|SV|east": [
    451,
    1749519595.4979582
  ],
  "153|SV|east": [
    235,
    1749519595.4979582
  ],
  "216|SV|east": [
    463,
    1749518633.5165832
  ],
  "235|SV|east": [
    321,
    1749519595.4979582
  ],
  "257|SV|east": [
    549,
    1749519595.4979582
  ],
  "349|SV|east": [
    376,
    1749519595.4979582
  ],
  "088|SV|west": [
    5,
    1749518633.5165832
  ],
  "105|SV|west": [
    45,
    1749518633.5165832
  ],
  "141|SV|west": [
    157,
    1749519595.4979582
  ],
  "288|SV|west": [
    61,
    1749519595.4979582
  ],
  "317|SV|west": [
    203,
    1749519595.4979582
  ],
  "327|SV|west": [
    344,
    1749519595.4979582
  ],
  "098|YL|west": [
    26,
    1749519595.4979582
  ],
  "130|YL|west": [
    26,
    1749518633.5165832
  ],
  "135|YL|west": [
    1,
    1749518633.5165832
  ],
  "003|YL|east": [
    143,
    1749518633.5165832
  ],
  "097|YL|east": [
    137,
    1749519595.4979582
  ],
  "120|YL|east": [
    110,
    1749519595.4979582
  ],
  "123|YL|west": [
    1,
    1749519595.4979582
  ],
  "168|YL|east": [
    168,
    1749518633.5165832
  ],
  "056|BL|west": [
    189,
    1749519595.4979582
  ],
  "348|GR|east": [
    246,
    1749519595.4979582
  ],
  "179|OR|east": [
    113,
    1749519595.4979582
  ],
  "154|RD|west": [
    268,
    1749519595.4979582
  ],
  "259|SV|east": [
    92,
    1749519595.4979582
  ],
  "466|BL|east": [
    68,
    1749519595.4979582
  ],
  "271|BL|west": [
    248,
    1749519595.4979582
  ],
  "333|GR|east": [
    82,
    1749519595.4979582
  ],
  "344|GR|east": [
    19,
    1749519595.4979582
  ],
  "357|GR|east": [
    176,
    1749519595.4979582
  ],
  "332|GR|west": [
    179,
    1749519595.4979582
  ],
  "343|GR|west": [
    247,
    1749519595.4979582
  ],
  "355|GR|west": [
    80,
    1749519595.4979582
  ],
  "166|RD|west": [
    333,
    1749519595.4979582
  ],
  "170|RD|west": [
    361,
    1749519595.4979582
  ],
  "080|RD|east": [
    85,
    1749519595.4979582
  ],
  "488|RD|east": [
    47,
    1749519595.4979582
  ],
  "334|SV|west": [
    488,
    1749519595.4979582
  ],
  "003|YL|west": [
    157,
    1749519595.4979582
  ],
  "168|YL|west": [
    89,
    1749519595.4979582
  ],
  "135|YL|east": [
    63,
    1749519595.4979582
  ]
}