{
  "271|BL|east": [
    273,
    1749526627.21481
  ],
  "479|BL|east": [
    287,
    1749528269.0378602
  ],
  "491|BL|east": [
    257,
    1749519595.4979582
  ],
  "207|BL|west": [
    0,
    1749528269.0378602
  ],
  "462|BL|west": [
    0,
    1749519595.4979582
  ],
  "307|GR|east": [
    139,
    1749518444.3673327
  ],
  "312|GR|east": [
    129,
    1749518633.5165832
  ],
  "323|GR|east": [
    139,
    1749519595.4979582
  ],
  "325|GR|east": [
    108,
    1749519595.4979582
  ],
  "332|GR|east": [
    281,
    1749518633.5165832
  ],
  "343|GR|east": [
    245,
    1749518633.5165832
  ],
  "319|GR|west": [
    151,
    1749518633.5165832
  ],
  "326|GR|west": [
    145,
    1749519595.4979582
  ],
  "333|GR|west": [
    11,
    1749518633.5165832
  ],
  "344|GR|west": [
    68,
    1749518633.5165832
  ],
  "347|GR|west": [
    25,
    1749519595.4979582
  ],
  "243|OR|east": [
    255,
    1749528269.0378602
  ],
  "253|OR|east": [
    314,
    1749518633.5165832
  ],
  "267|OR|east": [
    229,
    1749528269.0378602
  ],
  "279|OR|east": [
    255,
    1749519595.4979582
  ],
  "117|OR|west": [
    105,
    1749528269.0378602
  ],
  "202|OR|west": [
    0,
    1749519595.4979582
  ],
  "311|OR|west": [
    10,
    1749519595.4979582
  ],
  "324|OR|west": [
    105,
    1749519595.4979582
  ],
  "001|RD|west": [
    47,
    1749519595.4979582
  ],
  "080|RD|west": [
    0,
    1749518444.3673327
  ],
  "091|RD|west": [
    126,
    1749526627.21481
  ],
  "102|RD|west": [
    23,
    1749564977.1175678
  ],
  "107|RD|west": [
    1,
    1749528269.0378602
  ],
  "111|RD|west": [
    238,
    1749519595.4979582
  ],
  "124|RD|west": [
    117,
    1749528269.0378602
  ],
  "134|RD|west": [
    117,
    1749519595.4979582
  ],
  "138|RD|west": [
    192,
    1749528269.0378602
  ],
  "145|RD|west": [
    191,
    1749519595.4979582
  ],
  "287|RD|west": [
    55,
    1749528269.0378602
  ],
  "488|RD|west": [
    56,
    1749526627.21481
  ],
  "072|RD|east": [
    158,
    1749519595.4979582
  ],
  "157|RD|east": [
    388,
    1749518633.5165832
  ],
  "166|RD|east": [
    267,
    1749526627.21481
  ],
  "170|RD|east": [
    380,
    1749528269.0378602
  ],
  "176|RD|east": [
    327,
    1749528269.0378602
  ],
  "186|RD|east": [
    241,
    1749528269.0378602
  ],
  "190|RD|east": [
    197,
    1749528269.0378602
  ],
  "266|RD|east": [
    124,
    1749519595.4979582
  ],
  "335|RD|east": [
    388,
    1749519595.4979582
  ],
  "337|RD|east": [
    173,
    1749519595.4979582
  ],
  "449|RD|east": [
    240,
    1749519595.4979582
  ],
  "460|RD|east": [
    213,
    1749519595.4979582
  ],
  "050|SV|east": [
    451,
    1749519595.4979582
  ],
  "153|SV|east": [
    235,
    1749519595.4979582
  ],
  "216|SV|east": [
    463,
    1749518633.5165832
  ],
  "235|SV|east": [
    321,
    1749519595.4979582
  ],
  "257|SV|east": [
    549,
    1749519595.4979582
  ],
  "349|SV|east": [
    549,
    1749522670.5946238
  ],
  "088|SV|west": [
    5,
    1749518633.5165832
  ],
  "105|SV|west": [
    45,
    1749518633.5165832
  ],
  "141|SV|west": [
    157,
    1749519595.4979582
  ],
  "288|SV|west": [
    323,
    1749528269.0378602
  ],
  "317|SV|west": [
    27,
    1749563752.3357856
  ],
  "327|SV|west": [
    26,
    1749522670.5946238
  ],
  "098|YL|west": [
    152,
    1749528269.0378602
  ],
  "130|YL|west": [
    145,
    1749526627.21481
  ],
  "135|YL|west": [
    44,
    1749526627.21481
  ],
  "003|YL|east": [
    12,
    1749522670.5946238
  ],
  "097|YL|east": [
    137,
    1749519595.4979582
  ],
  "120|YL|east": [
    110,
    1749519595.4979582
  ],
  "123|YL|west": [
    26,
    1749528269.0378602
  ],
  "168|YL|east": [
    83,
    1749522670.5946238
  ],
  "056|BL|west": [
    189,
    1749519595.4979582
  ],
  "348|GR|east": [
    246,
    1749519595.4979582
  ],
  "179|OR|east": [
    113,
    1749519595.4979582
  ],
  "154|RD|west": [
    0,
    1749522670.5946238
  ],
  "259|SV|east": [
    401,
    1749522670.5946238
  ],
  "466|BL|east": [
    241,
    1749528269.0378602
  ],
  "271|BL|west": [
    209,
    1749528269.0378602
  ],
  "333|GR|east": [
    82,
    1749519595.4979582
  ],
  "344|GR|east": [
    19,
    1749519595.4979582
  ],
  "357|GR|east": [
    176,
    1749519595.4979582
  ],
  "332|GR|west": [
    179,
    1749519595.4979582
  ],
  "343|GR|west": [
    247,
    1749519595.4979582
  ],
  "355|GR|west": [
    80,
    1749519595.4979582
  ],
  "166|RD|west": [
    333,
    1749519595.4979582
  ],
  "170|RD|west": [
    51,
    1749522670.5946238
  ],
  "080|RD|east": [
    375,
    1749522670.5946238
  ],
  "488|RD|east": [
    337,
    1749522670.5946238
  ],
  "334|SV|west": [
    163,
    1749522670.5946238
  ],
  "003|YL|west": [
    157,
    1749519595.4979582
  ],
  "168|YL|west": [
    89,
    1749519595.4979582
  ],
  "135|YL|east": [
    63,
    1749519595.4979582
  ],
  "207|BL|east": [
    57,
    1749522670.5946238
  ],
  "462|BL|east": [
    250,
    1749522670.5946238
  ],
  "466|BL|west": [
    217,
    1749522670.5946238
  ],
  "479|BL|west": [
    103,
    1749522670.5946238
  ],
  "491|BL|west": [
    42,
    1749522670.5946238
  ],
  "355|GR|east": [
    139,
    1749522670.5946238
  ],
  "358|GR|east": [
    124,
    1749522670.5946238
  ],
  "364|GR|east": [
    82,
    1749522670.5946238
  ],
  "367|GR|east": [
    23,
    1749522670.5946238
  ],
  "369|GR|east": [
    267,
    1749522670.5946238
  ],
  "374|GR|east": [
    190,
    1749522670.5946238
  ],
  "360|GR|west": [
    152,
    1749522670.5946238
  ],
  "365|GR|west": [
    218,
    1749522670.5946238
  ],
  "368|GR|west": [
    273,
    1749522670.5946238
  ],
  "370|GR|west": [
    38,
    1749522670.5946238
  ],
  "377|GR|west": [
    101,
    1749522670.5946238
  ],
  "202|OR|east": [
    241,
    1749528269.0378602
  ],
  "324|OR|east": [
    125,
    1749522670.5946238
  ],
  "373|OR|east": [
    345,
    1749522670.5946238
  ],
  "243|OR|west": [
    91,
    1749522670.5946238
  ],
  "267|OR|west": [
    292,
    1749522670.5946238
  ],
  "176|RD|west": [
    105,
    1749522670.5946238
  ],
  "186|RD|west": [
    154,
    1749522670.5946238
  ],
  "190|RD|west": [
    208,
    1749522670.5946238
  ],
  "337|RD|west": [
    283,
    1749522670.5946238
  ],
  "361|RD|west": [
    0,
    1749526627.21481
  ],
  "091|RD|east": [
    285,
    1749522670.5946238
  ],
  "107|RD|east": [
    243,
    1749522670.5946238
  ],
  "124|RD|east": [
    131,
    1749522670.5946238
  ],
  "138|RD|east": [
    87,
    1749522670.5946238
  ],
  "145|RD|east": [
    24,
    1749522670.5946238
  ],
  "287|RD|east": [
    197,
    1749522670.5946238
  ],
  "088|SV|east": [
    549,
    1749526627.21481
  ],
  "288|SV|east": [
    426,
    1749526627.21481
  ],
  "317|SV|east": [
    229,
    1749567123.746765
  ],
  "257|SV|west": [
    328,
    1749522670.5946238
  ],
  "351|SV|west": [
    50,
    1749528269.0378602
  ],
  "097|YL|west": [
    0,
    1749522670.5946238
  ],
  "120|YL|west": [
    8,
    1749522670.5946238
  ],
  "098|YL|east": [
    71,
    1749526627.21481
  ],
  "383|GR|east": [
    141,
    1749526627.21481
  ],
  "387|GR|east": [
    72,
    1749526627.21481
  ],
  "397|GR|east": [
    182,
    1749526627.21481
  ],
  "384|GR|west": [
    143,
    1749526627.21481
  ],
  "385|GR|west": [
    163,
    1749526627.21481
  ],
  "388|GR|west": [
    258,
    1749526627.21481
  ],
  "393|GR|west": [
    13,
    1749526627.21481
  ],
  "394|GR|east": [
    195,
    1749526627.21481
  ],
  "395|GR|west": [
    71,
    1749526627.21481
  ],
  "117|OR|east": [
    248,
    1749526627.21481
  ],
  "366|OR|west": [
    1,
    1749528269.0378602
  ],
  "445|OR|west": [
    116,
    1749526627.21481
  ],
  "375|RD|west": [
    16,
    1749526627.21481
  ],
  "154|RD|east": [
    341,
    1749526627.21481
  ],
  "327|SV|east": [
    341,
    1749528269.0378602
  ],