{
  "271|BL|east": [
    241,
    1749518444.3673327
  ],
  "479|BL|east": [
    31,
    1749518444.3673327
  ],
  "491|BL|east": [
    141,
    1749518444.3673327
  ],
  "207|BL|west": [
    189,
    1749518444.3673327
  ],
  "462|BL|west": [
    79,
    1749518444.3673327
  ],
  "307|GR|east": [
    139,
    1749518444.3673327
  ],
  "312|GR|east": [
    122,
    1749518444.3673327
  ],
  "323|GR|east": [
    84,
    1749518444.3673327
  ],
  "325|GR|east": [
    31,
    1749518444.3673327
  ],
  "332|GR|east": [
    281,
    1749518444.3673327
  ],
  "343|GR|east": [
    220,
    1749518444.3673327
  ],
  "319|GR|west": [
    170,
    1749518444.3673327
  ],
  "326|GR|west": [
    246,
    1749518444.3673327
  ],
  "333|GR|west": [
    18,
    1749518444.3673327
  ],
  "344|GR|west": [
    84,
    1749518444.3673327
  ],
  "347|GR|west": [
    127,
    1749518444.3673327
  ],
  "243|OR|east": [
    366,
    1749518444.3673327
  ],
  "253|OR|east": [
    298,
    1749518444.3673327
  ],
  "267|OR|east": [
    223,
    1749518444.3673327
  ],
  "279|OR|east": [
    146,
    1749518444.3673327
  ],
  "117|OR|west": [
    360,
    1749518444.3673327
  ],
  "202|OR|west": [
    10,
    1749518444.3673327
  ],
  "311|OR|west": [
    116,
    1749518444.3673327
  ],
  "324|OR|west": [
    212,
    1749518444.3673327
  ],
  "001|RD|west": [
    154,
    1749518444.3673327
  ],
  "080|RD|west": [
    0,
    1749518444.3673327
  ],
  "091|RD|west": [
    42,
    1749518444.3673327
  ],
  "102|RD|west": [
    69,
    1749518444.3673327
  ],
  "107|RD|west": [
    82,
    1749518444.3673327
  ],
  "111|RD|west": [
    364,
    1749518444.3673327
  ],
  "124|RD|west": [
    184,
    1749518444.3673327
  ],
  "134|RD|west": [
    215,
    1749518444.3673327
  ],
  "138|RD|west": [
    261,
    1749518444.3673327
  ],
  "145|RD|west": [
    316,
    1749518444.3673327
  ],
  "287|RD|west": [
    127,
    1749518444.3673327
  ],
  "488|RD|west": [
    18,
    1749518444.3673327
  ],
  "072|RD|east": [
    52,
    1749518444.3673327
  ],
  "157|RD|east": [
    388,
    1749518444.3673327
  ],
  "166|RD|east": [
    365,
    1749518444.3673327
  ],
  "170|RD|east": [
    316,
    1749518444.3673327
  ],
  "176|RD|east": [
    240,
    1749518444.3673327
  ],
  "186|RD|east": [
    205,
    1749518444.3673327
  ],
  "190|RD|east": [
    162,
    1749518444.3673327
  ],
  "266|RD|east": [
    11,
    1749518444.3673327
  ],
  "335|RD|east": [
    284,
    1749518444.3673327
  ],
  "337|RD|east": [
    77,
    1749518444.3673327
  ],
  "449|RD|east": [
    134,
    1749518444.3673327
  ],
  "460|RD|east": [
    103,
    1749518444.3673327
  ],
  "050|SV|east": [
    365,
    1749518444.3673327
  ],
  "153|SV|east": [
    116,
    1749518444.3673327
  ],
  "216|SV|east": [
    460,
    1749518444.3673327
  ],
  "235|SV|east": [
    183,
    1749518444.3673327
  ],
  "257|SV|east": [
    538,
    1749518444.3673327
  ],
  "349|SV|east": [
    259,
    1749518444.3673327
  ],
  "088|SV|west": [
    5,
    1749518444.3673327
  ],
  "105|SV|west": [
    59,
    1749518444.3673327
  ],
  "141|SV|west": [
    276,
    1749518444.3673327
  ],
  "288|SV|west": [
    172,
    1749518444.3673327
  ],
  "317|SV|west": [
    351,
    1749518444.3673327
  ],
  "327|SV|west": [
    458,
    1749518444.3673327
  ],
  "098|YL|west": [
    157,
    1749518444.3673327
  ],
  "130|YL|west": [
    56,
    1749518444.3673327
  ],
  "135|YL|west": [
    1,
    1749518444.3673327
  ],
  "003|YL|east": [
    129,
    1749518444.3673327
  ],
  "097|YL|east": [
    64,
    1749518444.3673327
  ],
  "120|YL|east": [
    1,
    1749518444.3673327
  ],
  "123|YL|west": [
    69,
    1749518444.3673327
  ],
  "168|YL|east": [
    162,
    1749518444.3673327
  ]
}